{
  "Get aws/sts" : {
    "transaction" : "Get aws/sts",
    "sampleCount" : 1500,
    "errorCount" : 0,
    "errorPct" : 0.0,
    "meanResTime" : 324.4140000000001,
    "medianResTime" : 301.0,
    "minResTime" : 198.0,
    "maxResTime" : 8210.0,
    "pct1ResTime" : 394.0,
    "pct2ResTime" : 408.0,
    "pct3ResTime" : 1223.0,
    "throughput" : 2.9184809890148378,
    "receivedKBytesPerSec" : 3.2376898471883355,
    "sentKBytesPerSec" : 1.140031636333921
  },
  "Get Phos" : {
    "transaction" : "Get Phos",
    "sampleCount" : 1500,
    "errorCount" : 0,
    "errorPct" : 0.0,
    "meanResTime" : 662.0440000000006,
    "medianResTime" : 617.0,
    "minResTime" : 514.0,
    "maxResTime" : 8036.0,
    "pct1ResTime" : 817.0,
    "pct2ResTime" : 892.8500000000001,
    "pct3ResTime" : 1432.3200000000006,
    "throughput" : 2.906982377872825,
    "receivedKBytesPerSec" : 18.77331490710253,
    "sentKBytesPerSec" : 1.4137472892389327
  },
  "Total" : {
    "transaction" : "Total",
    "sampleCount" : 6000,
    "errorCount" : 0,
    "errorPct" : 0.0,
    "meanResTime" : 427.4841666666669,
    "medianResTime" : 399.0,
    "minResTime" : 141.0,
    "maxResTime" : 10874.0,
    "pct1ResTime" : 630.0,
    "pct2ResTime" : 724.0,
    "pct3ResTime" : 1132.9899999999998,
    "throughput" : 11.506133728121567,
    "receivedKBytesPerSec" : 25.49552483311312,
    "sentKBytesPerSec" : 5.295181171266883
  },
  "Get Covid Exposure site" : {
    "transaction" : "Get Covid Exposure site",
    "sampleCount" : 1500,
    "errorCount" : 0,
    "errorPct" : 0.0,
    "meanResTime" : 233.00066666666703,
    "medianResTime" : 205.0,
    "minResTime" : 141.0,
    "maxResTime" : 7255.0,
    "pct1ResTime" : 306.0,
    "pct2ResTime" : 311.0,
    "pct3ResTime" : 821.95,
    "throughput" : 2.9083181777641625,
    "receivedKBytesPerSec" : 3.0077235842307113,
    "sentKBytesPerSec" : 1.4655197067639727
  },
  "Login  Request" : {
    "transaction" : "Login  Request",
    "sampleCount" : 1500,
    "errorCount" : 0,
    "errorPct" : 0.0,
    "meanResTime" : 490.47800000000063,
    "medianResTime" : 413.0,
    "minResTime" : 327.0,
    "maxResTime" : 10874.0,
    "pct1ResTime" : 513.0,
    "pct2ResTime" : 613.0,
    "pct3ResTime" : 1483.910000000001,
    "throughput" : 2.8834342855714867,
    "receivedKBytesPerSec" : 0.7546488169269127,
    "sentKBytesPerSec" : 1.326267137211104
  }
}